sequence,codec,qp,branch,reconstruction,status,kbps,bpp,psnr_y,ssim_y,encode_fps,decode_fps,stage_sum_fps,realtime_speed,error
Beauty,h264,22,low,low_native,ok,6300.4,0.22787905092592592,41.23919548271002,0.9626066041666667,498.3123277461338,629.303130553898,87.1933587251235,0.7266113227093626,
Beauty,h264,27,low,low_native,ok,2603.61,0.094169921875,38.73644314396094,0.9475610104166666,491.94622787638644,699.9141795921713,88.22683780228743,0.7352236483523953,
Beauty,h264,32,low,low_native,ok,993.38,0.035929542824074075,35.4492183228168,0.9166766979166666,677.4483273598439,668.8429562299945,92.21538771904717,0.7684615643253931,
Beauty,h264,37,low,low_native,ok,411.16,0.014871238425925927,32.111662898538874,0.8736085312499999,577.4454846396361,537.7635369006646,87.22769288367063,0.7268974406972553,
Beauty,h264,42,low,low_native,ok,172.89,0.006253255208333333,28.938169915979927,0.82470809375,565.8578257462582,728.0199128646342,90.79561547718839,0.7566301289765699,
Beauty,h264,47,low,low_native,ok,88.91,0.0032157841435185184,26.636784056089553,0.7830384791666667,633.0926218545584,585.1215618384257,89.59349351755,0.7466124459795833,
Beauty,h264,51,low,low_native,ok,78.16,0.0028269675925925927,26.654188482273725,0.7785262604166667,636.7283032061843,692.9773616549791,91.85682210564535,0.7654735175470446,
Beauty,hevc,22,low,low_native,ok,5251.58,0.1899442997685185,43.079303825480046,0.97108321875,556.1262286099285,464.370471739801,84.56991127240562,0.7047492606033802,
Beauty,hevc,27,low,low_native,ok,2411.06,0.08720558449074074,40.92318289173793,0.9612951041666666,562.5743114460922,313.2387836625082,77.8638751807709,0.6488656265064242,
Beauty,hevc,32,low,low_native,ok,1092.13,0.03950122974537037,38.61105712884408,0.9459421250000001,570.8264650319944,584.1409350491831,88.20915267036881,0.7350762722530734,
Beauty,hevc,37,low,low_native,ok,498.72,0.018038194444444444,36.301161734335984,0.9241595520833333,508.0193607853442,314.6954814250867,76.81061110927133,0.6400884259105944,
Beauty,hevc,42,low,low_native,ok,230.73,0.008345269097222222,33.8737635746331,0.8942681666666666,564.8263564992151,530.4583434140359,86.7411900348932,0.7228432502907766,
Beauty,hevc,47,low,low_native,ok,117.4,0.004246238425925926,31.537317514898106,0.8614770520833334,584.3641288385754,571.309786600642,88.22577489724468,0.7352147908103723,
Beauty,hevc,51,low,low_native,ok,73.39,0.002654441550925926,29.64977238590476,0.8313353645833333,563.1259728090816,613.1073891246729,88.65430762074074,0.7387858968395061,
Beauty,av1,24,low,low_native,ok,5235.5,0.1893627025462963,43.01252682238225,0.9716356145833333,19.919687252992087,383.4401911255479,16.479218152229034,0.13732681793524196,
Beauty,av1,32,low,low_native,ok,2566.78,0.09283781828703704,41.221370954503016,0.9634180729166667,20.69038515505537,578.3612500232566,17.261145774393825,0.14384288145328186,
Beauty,av1,40,low,low_native,ok,1269.98,0.045933883101851855,39.28562299694328,0.9514269583333334,25.415209017599114,361.66927731217805,20.00623940837962,0.16671866173649683,
Beauty,av1,48,low,low_native,ok,618.58,0.022373408564814814,37.25173297322817,0.9346493333333333,27.730331477511974,553.9879332046493,21.86288405225138,0.18219070043542818,
Beauty,av1,54,low,low_native,ok,364.35,0.013178168402777777,35.78244201440559,0.9188788020833334,27.743854036435803,565.5512617258463,21.888957608527136,0.18240798007105946,
Beauty,av1,59,low,low_native,ok,229.0,0.008282696759259259,34.43443250395561,0.9035826875,27.36413292197301,676.25805343062,21.78846552539164,0.18157054604493034,
Beauty,av1,63,low,low_native,ok,137.19,0.004962022569444445,32.68383303764497,0.8838777916666666,29.693572997794796,781.3195290303439,23.34804526497395,0.19456704387478294,
Beauty,mlvc,0,low,low_native,ok,50.57,0.0018290653935185185,29.914222008956592,0.8424463541666666,7.601548224587229,8.381032671977886,3.8450674235853066,0.03204222852987756,
Beauty,mlvc,12,low,low_native,ok,76.2,0.002756076388888889,31.968532675905386,0.86832584375,7.583457907606033,8.294100123028313,3.8221825298198007,0.031851521081831674,
Beauty,mlvc,21,low,low_native,ok,113.45,0.004103370949074074,33.52274884386355,0.8901727500000001,7.49686176446635,8.30495893576684,3.7893506025126724,0.031577921687605606,
Beauty,mlvc,30,low,low_native,ok,181.32,0.006558159722222222,35.09940574516301,0.9106558645833333,7.617276521248248,8.145023661951681,3.798947416751253,0.03165789513959378,
Beauty,mlvc,39,low,low_native,ok,298.3,0.010789207175925925,36.60473548712349,0.9287652604166667,7.614624018652481,8.27943830167718,3.812918454303551,0.03177432045252959,
Beauty,mlvc,48,low,low_native,ok,513.14,0.018559751157407406,38.05017179781454,0.9430043229166666,7.673231274495511,8.409594652549915,3.853779583527709,0.03211482986273091,
Beauty,mlvc,63,low,low_native,ok,1291.89,0.04672634548611111,40.33731928359771,0.9600959479166667,7.655385811318836,8.293636030219327,3.840337200655071,0.032002810005458925,
Bosphorus,h264,22,low,low_native,ok,5412.76,0.19577401620370372,38.44466093112681,0.9553828854166667,618.57722727976,633.2719582781616,96.10898364681923,0.8009081970568269,
Bosphorus,h264,27,low,low_native,ok,2374.21,0.08587275752314814,35.52095212029459,0.9173466458333334,633.1158778081713,357.6371268210421,86.3202950332569,0.7193357919438075,
Bosphorus,h264,32,low,low_native,ok,976.47,0.03531792534722222,32.33486095050209,0.8451833229166666,627.9696504784557,628.7740648607083,96.22813419592642,0.8019011182993868,
Bosphorus,h264,37,low,low_native,ok,384.79,0.01391746238425926,29.160939597998592,0.7461299062500001,658.2283122621352,651.8153171980202,97.44169014633009,0.8120140845527507,
Bosphorus,h264,42,low,low_native,ok,143.98,0.005207609953703704,26.824286952744817,0.6692783750000001,599.1037071510759,520.350684926645,92.59188824039329,0.7715990686699441,
Bosphorus,h264,47,low,low_native,ok,68.33,0.00247142650462963,25.65132142815076,0.6327552395833334,628.8926695745124,505.8131231787747,92.79663895831901,0.7733053246526584,
Bosphorus,h264,51,low,low_native,ok,52.64,0.0019039351851851852,25.569413883660523,0.62059240625,581.0420188381778,584.4152737078526,93.97348841052904,0.7831124034210754,
Bosphorus,hevc,22,low,low_native,ok,6428.01,0.23249457465277779,41.1457203973157,0.971871875,481.69846638134845,523.7081564023572,89.32887038196696,0.744407253183058,
Bosphorus,hevc,27,low,low_native,ok,2567.59,0.09286711516203704,38.013161419697546,0.9497861145833334,488.95350387518056,537.9904355854702,89.98393724872116,0.749866143739343,
Bosphorus,hevc,32,low,low_native,ok,1003.57,0.03629810474537037,35.30680133916347,0.9172207499999999,514.5656076537939,529.5650338701305,90.57257135047055,0.7547714279205879,
Bosphorus,hevc,37,low,low_native,ok,408.86,0.014788049768518519,32.89634688614207,0.8700674270833333,477.85543022015906,319.2671669155354,80.42465949315816,0.670205495776318,
Bosphorus,hevc,42,low,low_native,ok,178.0,0.006438078703703704,30.759813547762565,0.8078514375,560.3786221441984,573.7429685955223,93.13944456304007,0.7761620380253339,
Bosphorus,hevc,47,low,low_native,ok,93.28,0.0033738425925925928,28.94087849505879,0.7416820624999999,574.2380996955011,572.8709411177812,93.49138274940118,0.7790948562450098,
Bosphorus,hevc,51,low,low_native,ok,59.47,0.0021509693287037036,27.464830862424975,0.68732090625,536.5986973869462,639.2035055581555,94.0098942083023,0.7834157850691859,
Bosphorus,av1,24,low,low_native,ok,4901.49,0.17728190104166666,41.890347327673716,0.9801884791666667,27.18183763250325,678.4913527087973,21.991424351532462,0.18326186959610385,
Bosphorus,av1,32,low,low_native,ok,2455.51,0.0888132957175926,39.55264327654308,0.9681543437500001,24.42183134481877,586.8385105968779,20.056093814965788,0.1671341151247149,
Bosphorus,av1,40,low,low_native,ok,1210.39,0.04377857349537037,37.29003302023618,0.9483185208333333,29.06266744382825,356.9148220300739,22.512719338169685,0.18760599448474738,
Bosphorus,av1,48,low,low_native,ok,578.17,0.020911820023148148,35.15322128818007,0.9181604166666667,31.36744967688646,607.6347367798252,24.548884444447005,0.20457403703705837,
Bosphorus,av1,54,low,low_native,ok,326.7,0.01181640625,33.568915236363694,0.8849625729166667,30.01978733642158,483.230655462628,23.479740672552136,0.19566450560460114,
Bosphorus,av1,59,low,low_native,ok,208.81,0.007552445023148148,32.338876541550206,0.8526632291666667,32.430999321885324,632.5790673632862,25.236805098173914,0.21030670915144928,
Bosphorus,av1,63,low,low_native,ok,129.61,0.004687861689814814,30.967734999723113,0.81014634375,35.355191283309146,670.5734602438329,27.03814074570338,0.22531783954752818,
Bosphorus,mlvc,0,low,low_native,ok,52.51,0.0018992332175925926,27.465090880540952,0.6657495625,7.630235217683806,8.365866931316793,3.8589909193657848,0.03215825766138154,
Bosphorus,mlvc,12,low,low_native,ok,89.95,0.0032533998842592593,29.1464773198864,0.7351799270833334,7.605510450274258,8.238472988686585,3.825238918959471,0.03187699099132892,
Bosphorus,mlvc,21,low,low_native,ok,148.0,0.00535300925925926,30.68791453350712,0.79214475,7.7042225515133,8.265159496118786,3.8583175046470246,0.03215264587205854,
Bosphorus,mlvc,30,low,low_native,ok,244.16,0.00883101851851852,32.26796709041683,0.8439814791666667,7.672412504529775,8.394200271175668,3.875985168946835,0.032299876407890296,
Bosphorus,mlvc,39,low,low_native,ok,436.88,0.01580150462962963,34.00079381798938,0.8898744166666667,7.6736475985895725,8.311125119629576,3.858597501856819,0.03215497918214016,
Bosphorus,mlvc,48,low,low_native,ok,776.24,0.028075810185185186,35.70251754658617,0.9231429895833333,7.680157662577235,8.278186620880417,3.8528189174032965,0.032106824311694135,
Bosphorus,mlvc,63,low,low_native,ok,2086.62,0.07547092013888888,38.38108366569841,0.9570152083333333,7.653856510458731,8.359172817963517,3.8639709121741994,0.03219975760145166,
HoneyBee,h264,22,low,low_native,ok,2417.32,0.08743200231481481,41.162781826133156,0.9841487291666667,587.0672856224597,611.8092686827621,96.00544850122212,0.800045404176851,
HoneyBee,h264,27,low,low_native,ok,1339.84,0.04846064814814815,38.58410804155124,0.9727981145833334,578.3664069671623,726.1986684467034,98.1909465702072,0.8182578880850601,
HoneyBee,h264,32,low,low_native,ok,737.81,0.02668583622685185,35.4481937269272,0.944674375,480.6694836617099,733.8478875959111,95.04520984800666,0.7920434154000555,
HoneyBee,h264,37,low,low_native,ok,419.81,0.01518410011574074,32.165760437506734,0.8883326666666668,627.2466947460115,586.4957484464337,96.36224640212522,0.8030187200177102,
HoneyBee,h264,42,low,low_native,ok,248.4,0.008984375,29.114319296715454,0.7967731666666666,629.0312343031052,684.1169020614469,98.71978628373408,0.822664885697784,
HoneyBee,h264,47,low,low_native,ok,146.53,0.005299840856481481,26.732612694695852,0.6831193541666667,628.4931617256775,741.8671882137489,99.82775428143658,0.8318979523453048,
HoneyBee,h264,51,low,low_native,ok,104.44,0.003777488425925926,25.3023246563043,0.5933403333333334,636.8916207306961,669.646103549708,98.60329551510998,0.8216941292925831,
HoneyBee,hevc,22,low,low_native,ok,3047.3,0.11021773726851852,41.75465564549092,0.9856053541666667,587.3277216385262,536.4368829610663,93.94102853134387,0.7828419044278656,
HoneyBee,hevc,27,low,low_native,ok,1474.61,0.053335141782407405,38.86968458523733,0.97649859375,368.57629680616975,556.437644465819,86.29254981147541,0.7191045817622951,
HoneyBee,hevc,32,low,low_native,ok,713.11,0.02579246238425926,36.62445427920523,0.9634744166666667,494.03042198535036,620.4231553417204,93.33436820386576,0.7777864016988814,
HoneyBee,hevc,37,low,low_native,ok,360.84,0.013051215277777778,34.483906416848285,0.9384313854166666,449.54312510798894,481.38162543126793,87.87321889962723,0.7322768241635603,
HoneyBee,hevc,42,low,low_native,ok,212.64,0.007690972222222222,32.015783268664265,0.8891835729166666,465.24839022718925,321.4505724987819,81.04723017238189,0.675393584769849,
HoneyBee,hevc,47,low,low_native,ok,133.2,0.0048177083333333336,29.458732134345876,0.8077932604166667,571.5124544783416,561.2951492649347,94.25484718644432,0.7854570598870361,
HoneyBee,hevc,51,low,low_native,ok,82.27,0.0029756221064814814,27.166689869267493,0.7087602604166667,519.0238066185548,586.5071142523917,93.37155369531077,0.7780962807942564,
HoneyBee,av1,24,low,low_native,ok,2032.39,0.07350947627314815,45.13818280050103,0.9922724895833334,34.357107336329896,588.7552710864292,26.39723556800867,0.21997696306673892,
HoneyBee,av1,32,low,low_native,ok,1227.73,0.04440574363425926,43.3833309091367,0.9892830833333334,37.30525260647704,647.2915581644373,28.225486964671646,0.2352123913722637,
HoneyBee,av1,40,low,low_native,ok,760.92,0.02752170138888889,40.85776376928052,0.9822652604166667,40.53952313207645,516.8840303150314,29.691076889494656,0.2474256407457888,
HoneyBee,av1,48,low,low_native,ok,458.81,0.01659469039351852,37.9286155266418,0.9675335416666666,41.15936874690498,662.3682920349265,30.41016985263328,0.25341808210527733,
HoneyBee,av1,54,low,low_native,ok,298.18,0.010784866898148148,35.53262584218636,0.94503078125,43.17085579126699,641.6028136440387,31.4459784107444,0.26204982008953664,
HoneyBee,av1,59,low,low_native,ok,211.58,0.0076526331018518514,33.70451998101502,0.9198992604166666,48.19000877104861,693.1365703391461,34.16221869476836,0.28468515578973635,
HoneyBee,av1,63,low,low_native,ok,144.96,0.0052430555555555555,31.85203731990272,0.88195909375,49.71567478712,615.1041042598102,34.700150890578236,0.28916792408815195,
HoneyBee,mlvc,0,low,low_native,ok,88.86,0.0032139756944444446,26.169617722740384,0.6332829270833333,7.695927468708939,8.301906523122396,3.864417951480627,0.032203482929005225,
HoneyBee,mlvc,12,low,low_native,ok,166.57,0.006024667245370371,30.093046973586887,0.8308941875000001,7.621998591341274,8.370787098463301,3.8619515313174935,0.03218292942764578,
HoneyBee,mlvc,21,low,low_native,ok,266.18,0.009627459490740741,32.88159810076074,0.9073611145833334,7.66912343992318,8.411957081970069,3.8809189111190863,0.03234099092599239,
HoneyBee,mlvc,30,low,low_native,ok,385.33,0.01393699363425926,35.336106694706864,0.9464898958333333,7.695498910880881,8.372728353912377,3.8662226151426786,0.032218521792855656,
HoneyBee,mlvc,39,low,low_native,ok,564.08,0.020402199074074073,37.53169999391713,0.9673918229166666,7.59830533938571,8.40217796205217,3.8606996754766514,0.032172497295638765,
HoneyBee,mlvc,48,low,low_native,ok,785.29,0.028403139467592594,39.43048525910667,0.97841203125,7.692815749775261,8.314350810130598,3.86239738707656,0.03218664489230467,
HoneyBee,mlvc,63,low,low_native,ok,1294.63,0.04682544849537037,41.68672547326238,0.986857375,7.6777141282978745,8.403765235791878,3.8814030980945273,0.032345025817454395,
Jockey,h264,22,low,low_native,ok,7109.37,0.257138671875,39.54010897395085,0.9646640104166666,613.3158068181303,600.5874533527318,96.09327399341647,0.8007772832784706,
Jockey,h264,27,low,low_native,ok,3516.4,0.12718460648148147,36.413325829530415,0.9276354791666667,479.3079655707153,599.889339156149,92.04413569583224,0.7670344641319353,
Jockey,h264,32,low,low_native,ok,1659.32,0.06001591435185185,33.348265929173884,0.876563375,502.2973143249317,727.3916833703005,95.45021563493509,0.7954184636244591,
Jockey,h264,37,low,low_native,ok,877.86,0.031751302083333335,30.474669034220234,0.8274813958333334,629.6976965035426,646.4971977085576,97.60002970621738,0.8133335808851448,
Jockey,h264,42,low,low_native,ok,541.24,0.019576099537037036,26.532294200314674,0.7429921145833333,611.1236575307314,675.5936230001813,97.77515008842708,0.814792917403559,
Jockey,h264,47,low,low_native,ok,327.01,0.01182761863425926,22.89325361033775,0.6411422395833334,626.3108163474906,640.1673440113643,97.37306291565591,0.8114421909637992,
Jockey,h264,51,low,low_native,ok,286.35,0.010356987847222223,23.092211865311608,0.6338147291666667,657.4502235310746,625.6607564151457,97.74812044577384,0.8145676703814486,
Jockey,hevc,22,low,low_native,ok,5621.74,0.2033326099537037,42.47749164121798,0.9777083541666666,504.19806337238964,478.5558023332527,89.4134012296839,0.7451116769140325,
Jockey,hevc,27,low,low_native,ok,2776.48,0.1004224537037037,39.56219359957823,0.9615489583333333,524.3427171578603,623.2849316927523,94.13899963008477,0.7844916635840398,
Jockey,hevc,32,low,low_native,ok,1385.72,0.05012008101851852,36.630406632127965,0.9331709583333333,574.643541271678,557.6235709837302,93.94459880509677,0.7828716567091398,
Jockey,hevc,37,low,low_native,ok,725.74,0.02624927662037037,33.876446448768455,0.8926618645833333,551.1915696655984,532.1149408887821,92.55332366709266,0.7712776972257721,
Jockey,hevc,42,low,low_native,ok,391.36,0.014155092592592592,31.13022365159232,0.8440533229166666,518.0277152390671,582.8572502718309,92.96166420748597,0.7746805350623831,
Jockey,hevc,47,low,low_native,ok,218.46,0.007901475694444444,28.584464590941106,0.7885587604166666,522.9238371174636,662.9403113982228,94.95058852935472,0.7912549044112893,
Jockey,hevc,51,low,low_native,ok,141.62,0.005122251157407408,26.464877623763034,0.7346708958333333,438.6237629364729,543.0004364670491,89.02725562660162,0.7418937968883468,
Jockey,av1,24,low,low_native,ok,5675.18,0.20526548032407407,43.36441923854344,0.98408003125,18.41239323811731,559.4764526673563,15.820364668776687,0.13183637223980574,
Jockey,av1,32,low,low_native,ok,3120.63,0.11287000868055555,40.926367910330164,0.9740735416666667,20.33436120994405,355.41795220027154,16.919767053287842,0.14099805877739868,
Jockey,av1,40,low,low_native,ok,1748.58,0.06324435763888889,38.35423428709221,0.9564199270833332,20.07285787093493,557.259376098917,17.02879803769664,0.14190665031413865,
Jockey,av1,48,low,low_native,ok,953.56,0.034489293981481484,35.65720938398974,0.9256597916666666,23.499611463915222,579.4222637403966,19.458739630725933,0.16215616358938278,
Jockey,av1,54,low,low_native,ok,602.66,0.02179759837962963,33.76141225427648,0.8968085729166666,23.413466334025586,532.9472870423554,19.343160619625923,0.16119300516354937,
Jockey,av1,59,low,low_native,ok,400.75,0.014494719328703705,32.086956626286266,0.8681489791666667,25.189962849588618,685.1044986727773,20.71722165488625,0.17264351379071874,
Jockey,av1,63,low,low_native,ok,247.47,0.008950737847222221,29.91107179991348,0.83088878125,27.602175572080945,628.1988655073579,22.255893560270614,0.18546577966892178,
Jockey,mlvc,0,low,low_native,ok,92.71,0.003353226273148148,26.04370340961509,0.7282120729166667,7.535433634687123,8.323970018112904,3.8274383162147587,0.031895319301789654,
Jockey,mlvc,12,low,low_native,ok,168.22,0.006084346064814815,28.58720748451271,0.79150671875,7.6318187851590045,8.319163050876922,3.8511886371343866,0.032093238642786556,
Jockey,mlvc,21,low,low_native,ok,269.1,0.009733072916666667,30.54857846219211,0.8310338125,7.679328549612963,8.3987819836527,3.863144045757136,0.03219286704797613,
Jockey,mlvc,30,low,low_native,ok,425.61,0.015393880208333334,32.27324796626224,0.8622368229166667,7.696008625153935,8.374076888323769,3.8791887500781828,0.03232657291731819,
Jockey,mlvc,39,low,low_native,ok,680.76,0.024622395833333335,34.0354171772637,0.8920942395833333,7.672472180311864,8.356121004825281,3.8532264544254957,0.0321102204535458,
Jockey,mlvc,48,low,low_native,ok,1096.14,0.03964626736111111,35.78557804775513,0.9207831145833333,7.683012000696549,8.289703768245662,3.857421568973278,0.03214517974144398,
Jockey,mlvc,63,low,low_native,ok,2517.11,0.09104130497685185,38.608733428770314,0.9554095625,7.649184303354887,8.365875821954807,3.8607322111954465,0.03217276842662872,
ReadySetGo,h264,22,low,low_native,ok,12694.74,0.4591558159722222,38.022285210408015,0.9794294583333333,606.6075332131255,591.8196140771357,95.02423189192191,0.7918685990993493,
ReadySetGo,h264,27,low,low_native,ok,6102.86,0.22073423032407408,34.2742568608936,0.9591803645833333,602.9484026172632,505.7460948486992,92.41111954391138,0.7700926628659281,
ReadySetGo,h264,32,low,low_native,ok,2792.66,0.10100766782407407,30.715807827765236,0.9169238645833334,630.0865087147772,458.1167697609459,91.2796168292613,0.7606634735771775,
ReadySetGo,h264,37,low,low_native,ok,1239.55,0.04483326099537037,27.654490022719035,0.8506937395833334,578.9924041285057,760.9987144202098,97.78405532412823,0.8148671277010686,
ReadySetGo,h264,42,low,low_native,ok,564.05,0.020401114004629628,24.56644954984942,0.7456626875,465.79170638034986,767.9933215140913,94.0345237662497,0.7836210313854142,
ReadySetGo,h264,47,low,low_native,ok,324.02,0.01171947337962963,21.338687757201203,0.5653748125,618.8784660017395,602.5829076126917,95.59531282551904,0.7966276068793253,
ReadySetGo,h264,51,low,low_native,ok,260.91,0.009436848958333334,20.87322330261619,0.49684713541666664,567.6712701800722,743.7722266520702,97.16760657711285,0.8097300548092737,
ReadySetGo,hevc,22,low,low_native,ok,12404.22,0.4486480034722222,40.75084764227754,0.98689609375,441.685456246322,564.0680607315418,89.1082500510087,0.7425687504250724,
ReadySetGo,hevc,27,low,low_native,ok,6148.22,0.22237485532407408,37.092695157170745,0.9743509583333333,498.81859233276737,600.1858475479438,92.1123926016745,0.7676032716806208,
ReadySetGo,hevc,32,low,low_native,ok,2942.87,0.1064406105324074,33.848662370176996,0.9525182916666667,431.84774754347654,539.9137602482074,88.08094246657889,0.7340078538881574,
ReadySetGo,hevc,37,low,low_native,ok,1416.67,0.05123951099537037,30.96744811606305,0.9171098020833334,589.764424620579,553.4664375586948,93.56461040499481,0.7797050867082901,
ReadySetGo,hevc,42,low,low_native,ok,661.3,0.023918547453703705,28.195908572419963,0.8609931458333334,585.4577312554604,647.6121454105789,95.80733260393632,0.798394438366136,
ReadySetGo,hevc,47,low,low_native,ok,304.08,0.010998263888888889,25.70116769046427,0.7844117291666667,558.6555214590793,470.34711783314725,90.07778503828081,0.75064820865234,
ReadySetGo,hevc,51,low,low_native,ok,162.54,0.00587890625,23.737391128366436,0.7036866458333333,598.0562163795986,576.0371981828903,94.39752814124364,0.786646067843697,
ReadySetGo,av1,24,low,low_native,ok,9970.7,0.3606300636574074,41.3050286067932,0.98939534375,17.869704002599143,489.0645821727251,15.339594669866452,0.12782995558222043,
ReadySetGo,av1,32,low,low_native,ok,5495.33,0.19876048900462964,38.53666279532352,0.9823354583333334,18.348828590642743,617.9368490574487,15.79701584211269,0.13164179868427242,
ReadySetGo,av1,40,low,low_native,ok,3019.67,0.10921838831018518,35.70676120565415,0.9693221666666667,19.50845997352165,528.3851938574834,16.573362419915007,0.13811135349929174,
ReadySetGo,av1,48,low,low_native,ok,1627.33,0.05885886863425926,32.93871940881002,0.9459784583333333,21.315129842982806,507.82247895051495,17.834964044288114,0.1486247003690676,
ReadySetGo,av1,54,low,low_native,ok,995.21,0.035995732060185186,30.973964176578317,0.9189583541666666,21.644089668620875,766.5718031424063,18.28423861182573,0.15236865509854777,
ReadySetGo,av1,59,low,low_native,ok,642.76,0.023247974537037037,29.324632455610406,0.8910061874999999,23.999365354790637,608.5812890606973,19.80341173389102,0.16502843111575852,
ReadySetGo,av1,63,low,low_native,ok,384.71,0.01391456886574074,27.420214862881277,0.8488474791666666,26.35939337296366,535.9636194556819,21.281869337187455,0.1773489111432288,
ReadySetGo,mlvc,0,low,low_native,ok,104.12,0.003765914351851852,22.738492219371867,0.6053484375,7.652429203626258,8.36691366606522,3.851661680537633,0.03209718067114694,
ReadySetGo,mlvc,12,low,low_native,ok,221.52,0.008012152777777778,25.20969494070584,0.75594603125,7.656467303826222,8.348170197807862,3.853707508895905,0.03211422924079921,
ReadySetGo,mlvc,21,low,low_native,ok,389.62,0.014092158564814815,27.152372559149956,0.8299380208333332,7.666410457038012,8.227644875399559,3.824961091724756,0.031874675764372966,
ReadySetGo,mlvc,30,low,low_native,ok,674.39,0.024391999421296297,29.097472822517545,0.8854184687500001,7.6770779186646445,8.370139179961582,3.8748221875570255,0.03229018489630855,
ReadySetGo,mlvc,39,low,low_native,ok,1161.51,0.042010633680555555,31.038660686460737,0.9240916874999999,7.660843772101327,8.253449293070139,3.843213120789539,0.03202677600657949,
ReadySetGo,mlvc,48,low,low_native,ok,1966.02,0.07110894097222223,32.811944834817396,0.9482062708333333,7.69354189486124,8.07905928885895,3.8053726437254496,0.03171143869771208,
ReadySetGo,mlvc,63,low,low_native,ok,4411.31,0.15955258969907407,35.51539949602528,0.9711961458333334,7.6925219678757095,8.0941241741633,3.8126600507282093,0.03177216708940175,
ShakeNDry,h264,22,low,low_native,ok,18409.76,0.6658622685185185,37.60646951950518,0.9605852291666667,605.8008574796941,549.1516873574235,94.46781963236434,0.7872318302697028,
ShakeNDry,h264,27,low,low_native,ok,5462.86,0.19758608217592594,33.56921590828689,0.8966291666666666,451.5763655973514,401.59840011687976,84.61359333606674,0.7051132778005562,
ShakeNDry,h264,32,low,low_native,ok,1431.77,0.05178566261574074,31.014875210079822,0.8304936458333333,549.7471712783612,724.5497594997184,96.96402878586365,0.8080335732155304,
ShakeNDry,h264,37,low,low_native,ok,553.2,0.020008680555555554,29.08463980901203,0.7618204479166667,557.9454542126249,647.412043512816,95.68628400183798,0.7973857000153165,
ShakeNDry,h264,42,low,low_native,ok,230.26,0.008328269675925926,27.03999130127603,0.64888446875,540.5794768738931,781.0871781538756,97.61763242739676,0.8134802702283063,
ShakeNDry,h264,47,low,low_native,ok,106.42,0.003849103009259259,25.250494648882302,0.5150115,552.5027699272425,777.872773686825,97.94875403038523,0.8162396169198769,
ShakeNDry,h264,51,low,low_native,ok,70.33,0.0025437644675925927,24.48781722015034,0.44646874999999997,520.1728983147073,620.271672284741,93.9094827882053,0.7825790232350441,
ShakeNDry,hevc,22,low,low_native,ok,21087.9,0.7627278645833333,40.19006415821234,0.97864459375,561.6810416206642,514.4089868855036,92.2656840081078,0.7688807000675649,
ShakeNDry,hevc,27,low,low_native,ok,9288.88,0.3359693287037037,36.62202448080376,0.9500826770833334,465.4156942458273,411.76357580304796,85.53506058892383,0.7127921715743653,
ShakeNDry,hevc,32,low,low_native,ok,2833.62,0.10248914930555555,33.52585003005922,0.8949302499999999,491.61376812293264,534.8695410535527,90.76346248047288,0.756362187337274,
ShakeNDry,hevc,37,low,low_native,ok,769.93,0.02784758391203704,31.1407507153867,0.8286753854166666,488.52239283503616,546.6176453172997,90.98900579502866,0.7582417149585722,
ShakeNDry,hevc,42,low,low_native,ok,319.62,0.01156032986111111,29.074592899831813,0.7533188958333333,451.86116813536245,333.6067947624013,81.13901413154964,0.6761584510962471,
ShakeNDry,hevc,47,low,low_native,ok,146.59,0.0053020109953703706,27.086704330241567,0.6439628125,584.1056635007488,590.1317867638679,95.0527592374354,0.7921063269786283,
ShakeNDry,hevc,51,low,low_native,ok,76.58,0.002769820601851852,25.48920723028276,0.5321727083333333,577.707818692419,529.311457272248,93.16067394670286,0.7763389495558571,
ShakeNDry,av1,24,low,low_native,ok,16328.04,0.5905685763888889,39.53254324734103,0.9726143333333334,20.081160932042838,542.3680214983202,17.01965382608014,0.14183044855066784,
ShakeNDry,av1,32,low,low_native,ok,7505.43,0.27146375868055556,36.59745136042509,0.9444206979166667,20.14057365558618,605.843271250717,17.11873595737549,0.14265613297812907,
ShakeNDry,av1,40,low,low_native,ok,2996.06,0.10836443865740741,34.31083967294042,0.9059631041666667,23.391154328116134,355.15165867514156,18.98224079427428,0.15818533995228565,
ShakeNDry,av1,48,low,low_native,ok,1130.22,0.04087890625,32.531849522597454,0.8667269375000001,28.245674901632512,642.796981085286,22.689490117446407,0.1890790843120534,
ShakeNDry,av1,54,low,low_native,ok,585.55,0.02117874710648148,31.102720993949198,0.829021125,33.29257172340441,609.2151057183627,25.77844186670906,0.21482034888924215,
ShakeNDry,av1,59,low,low_native,ok,341.34,0.012345920138888888,29.80846295562104,0.7859502083333334,31.288547439536256,682.7772947938798,24.667543288132695,0.20556286073443913,
ShakeNDry,av1,63,low,low_native,ok,192.56,0.006964699074074074,28.322237344918943,0.7275664270833334,35.08680320695227,394.8812108091544,26.214334043811782,0.21845278369843152,
ShakeNDry,mlvc,0,low,low_native,ok,63.59,0.0022999855324074073,24.810448201827743,0.4520329375,7.665069184142425,8.3814419633271,3.858634880022481,0.032155290666854006,
ShakeNDry,mlvc,12,low,low_native,ok,128.46,0.004646267361111111,26.50219543998584,0.5813321145833333,7.569499984451234,8.37531802028893,3.841611044437655,0.03201342537031379,
ShakeNDry,mlvc,21,low,low_native,ok,245.81,0.008890697337962963,28.344714501689587,0.7083296354166667,7.699038892300135,8.236049614314357,3.8499915759082604,0.03208326313256884,
ShakeNDry,mlvc,30,low,low_native,ok,439.92,0.015911458333333333,30.096495643081013,0.7938413333333334,7.6961620480451165,8.275596289630027,3.8580301953206013,0.032150251627671676,
ShakeNDry,mlvc,39,low,low_native,ok,784.28,0.028366608796296298,31.53586068461658,0.8401233124999999,7.655344018906046,8.382092653893489,3.8705380863009338,0.03225448405250778,
ShakeNDry,mlvc,48,low,low_native,ok,1349.55,0.048811848958333334,32.62331115964198,0.8673847083333334,7.609869757974121,8.33336650765539,3.8504588516732547,0.03208715709727712,
ShakeNDry,mlvc,63,low,low_native,ok,3916.57,0.14165834780092593,34.3298223140643,0.9079610729166667,7.678443165547411,8.271719728636882,3.837448022464852,0.03197873352054043,
YachtRide,h264,22,low,low_native,ok,15771.44,0.5704369212962963,38.77289787648153,0.9554278229166666,579.806502746777,593.645470468751,95.97076845554982,0.7997564037962485,
YachtRide,h264,27,low,low_native,ok,7437.03,0.2689898003472222,35.001672815260775,0.9159623229166667,494.2338203540939,671.3740665531088,95.02600191570639,0.7918833492975532,
YachtRide,h264,32,low,low_native,ok,2979.0,0.10774739583333333,31.170417627017336,0.8459376666666666,566.3644573459081,706.7651910231642,98.12422160565887,0.817701846713824,
YachtRide,h264,37,low,low_native,ok,1078.04,0.0389916087962963,27.765009484902393,0.7614574583333334,498.96098132152457,708.2508218086859,95.90750258460685,0.7992291882050571,
YachtRide,h264,42,low,low_native,ok,390.88,0.014137731481481482,24.848666654796347,0.68058434375,480.0645686853894,724.0497569109689,95.46728282427979,0.7955606902023316,
YachtRide,h264,47,low,low_native,ok,170.36,0.006161747685185185,22.70230954007515,0.61423078125,534.671107175394,666.7257320756654,96.33173731461663,0.8027644776218053,
YachtRide,h264,51,low,low_native,ok,126.97,0.004592375578703704,22.84154425506231,0.601482,640.1877500046511,545.6567453814779,96.10473311239814,0.8008727759366512,
YachtRide,hevc,22,low,low_native,ok,14514.78,0.5249848090277778,40.99782366871294,0.9730123125,411.28125107050613,587.2210137391188,89.72648311626483,0.7477206926355403,
YachtRide,hevc,27,low,low_native,ok,7137.99,0.258173828125,37.40000024460657,0.94708303125,564.0760781407567,524.5839262596961,93.54797529091157,0.7795664607575964,
YachtRide,hevc,32,low,low_native,ok,3101.14,0.11216507523148148,34.16274616883612,0.9078555104166667,443.0367975724397,498.5535222595246,88.70304139759722,0.7391920116466435,
YachtRide,hevc,37,low,low_native,ok,1232.34,0.04457248263888889,31.355256832570525,0.85676065625,435.40092335829854,470.385243301909,87.46404254098633,0.7288670211748861,
YachtRide,hevc,42,low,low_native,ok,464.6,0.016804108796296298,28.813794117905523,0.7955290104166667,592.511842729329,590.5316916779389,96.23029140491812,0.8019190950409844,
YachtRide,hevc,47,low,low_native,ok,197.76,0.007152777777777778,26.74063309688446,0.7347281041666666,437.72178559608346,503.507250558205,88.64270699803308,0.738689224983609,
YachtRide,hevc,51,low,low_native,ok,109.61,0.003964482060185185,25.135179072199406,0.6776288229166667,457.70111737454374,590.8183504963152,91.84407568891397,0.7653672974076164,
YachtRide,av1,24,low,low_native,ok,14516.48,0.5250462962962963,41.04287792347738,0.97532778125,18.712230860459034,510.39031605103656,16.022845688509157,0.13352371407090965,
YachtRide,av1,32,low,low_native,ok,7839.18,0.28353515625,38.09664711046292,0.9583178645833333,16.98439411662779,453.2141208986138,14.685439301342722,0.12237866084452269,
YachtRide,av1,40,low,low_native,ok,4063.19,0.14696144386574075,35.400308365423705,0.93240715625,19.726375944756786,648.0645804507699,16.878427962900968,0.14065356635750806,
YachtRide,av1,48,low,low_native,ok,1826.87,0.06607602719907407,32.79367866409174,0.8932381354166666,19.243410478454734,550.6658278413099,16.449412972510277,0.13707844143758566,
YachtRide,av1,54,low,low_native,ok,954.42,0.03452039930555555,31.1200731886251,0.8584773541666667,21.107477897556585,501.1491271188087,17.73596579021846,0.14779971491848717,
YachtRide,av1,59,low,low_native,ok,560.64,0.020277777777777777,29.841453587025207,0.8281581666666668,22.084506927992997,789.6093983290597,18.671458339101186,0.15559548615917654,
YachtRide,av1,63,low,low_native,ok,315.72,0.011419270833333333,28.433674870476917,0.79205046875,23.840024394983914,605.5943442931485,19.759661174606176,0.16466384312171814,
YachtRide,mlvc,0,low,low_native,ok,75.06,0.00271484375,25.27846877588203,0.6780053854166667,7.660784647531954,8.411729116772888,3.8796086962987224,0.03233007246915602,
YachtRide,mlvc,12,low,low_native,ok,136.37,0.00493236400462963,27.212434697216267,0.7451383854166668,7.6842361288085845,8.345176863392838,3.865538473286785,0.032212820610723204,
YachtRide,mlvc,21,low,low_native,ok,228.44,0.00826244212962963,28.56543768894585,0.7851065208333333,7.6856478413548945,8.402233547679852,3.8842540586368517,0.032368783821973765,
YachtRide,mlvc,30,low,low_native,ok,395.89,0.014318938078703703,29.812192480450737,0.8194465000000001,7.694825469412722,8.388099951488698,3.8784436220204968,0.03232036351683747,
YachtRide,mlvc,39,low,low_native,ok,762.66,0.027584635416666666,31.247096741743935,0.8576152812500001,7.580986570218134,8.397405667597326,3.8562886484232664,0.032135738736860556,
YachtRide,mlvc,48,low,low_native,ok,1464.76,0.052978877314814814,32.742789209245394,0.89243296875,7.659959474148168,8.346462795318203,3.8655934259437417,0.03221327854953118,
YachtRide,mlvc,63,low,low_native,ok,4058.93,0.14680736400462963,35.45339238915179,0.9398613854166666,7.616263425648963,8.392839833968107,3.86392348130727,0.032199362344227246,
Beauty,mlvc-s,0,low,low_native,ok,48.87,0.001767578125,29.388655897643872,0.8370572916666666,10.20398289545412,15.914242148832171,5.6197845726454885,0.04683153810537907,
Beauty,mlvc-s,12,low,low_native,ok,77.81,0.002814308449074074,31.701461860562038,0.8653415520833333,15.151387777986798,16.119231497204918,6.8893456205587675,0.057411213504656396,
Beauty,mlvc-s,21,low,low_native,ok,115.52,0.004178240740740741,33.23568645062661,0.8861980833333334,14.564265293725287,16.075023024613913,6.764923386743138,0.05637436155619282,
Beauty,mlvc-s,30,low,low_native,ok,191.21,0.006915870949074074,34.859514079724725,0.9078403645833334,15.137859230400762,15.977742833807357,6.861629428624331,0.05718024523853609,
Beauty,mlvc-s,39,low,low_native,ok,334.35,0.012093098958333333,36.45117234949583,0.9270510625,15.149954232785316,16.15706807751649,6.861408404096851,0.057178403367473755,
Beauty,mlvc-s,48,low,low_native,ok,590.46,0.021356336805555556,38.01426230965843,0.94309371875,15.120707878581074,16.06065607367846,6.8763766041242835,0.057303138367702365,
Beauty,mlvc-s,63,low,low_native,ok,1398.5,0.05058232060185185,40.2761705421283,0.9606509583333334,14.024130864735929,16.104887543869438,6.647438990470753,0.05539532492058961,
Bosphorus,mlvc-s,0,low,low_native,ok,49.66,0.0017961516203703703,26.920450313268578,0.6534414791666666,11.710193609400637,14.102141331360558,6.066747947371112,0.050556232894759266,
Bosphorus,mlvc-s,12,low,low_native,ok,89.57,0.0032396556712962965,28.758655610205707,0.7184257187499999,14.937345237718851,16.18120927966405,7.291177402714117,0.060759811689284314,
Bosphorus,mlvc-s,21,low,low_native,ok,149.62,0.005411603009259259,30.242883751288282,0.7749401354166667,14.97246661412806,15.949787556679842,7.24459080067767,0.06037159000564725,
Bosphorus,mlvc-s,30,low,low_native,ok,271.2,0.009809027777777778,31.91032641989834,0.8308498229166666,14.771277825175828,16.05954286432512,7.220348979019181,0.06016957482515984,
Bosphorus,mlvc-s,39,low,low_native,ok,495.31,0.017914858217592592,33.70669190663472,0.8824238229166667,15.134390552773159,15.397960369961192,7.16506634234159,0.059708886186179914,
Bosphorus,mlvc-s,48,low,low_native,ok,899.34,0.032528211805555554,35.60442205143564,0.9234928125,15.062104497592964,16.0549130821256,7.287010849076764,0.06072509040897303,
Bosphorus,mlvc-s,63,low,low_native,ok,2027.14,0.07331958912037037,38.05017179781454,0.95787640625,14.937386480966444,16.134630275389338,7.245742017760811,0.0603811834813401,
HoneyBee,mlvc-s,0,low,low_native,ok,84.38,0.0030519386574074073,25.5325437682737,0.5983366145833333,14.93412182941283,15.896616916214027,7.230103950379426,0.06025086625316189,
HoneyBee,mlvc-s,12,low,low_native,ok,179.68,0.0064988425925925925,29.278387343682006,0.7983988958333333,14.891764433964173,15.314499741600477,7.103311479371474,0.05919426232809562,
HoneyBee,mlvc-s,21,low,low_native,ok,301.64,0.010910011574074074,32.18065500748723,0.88960834375,15.136629103381207,16.19062780413633,7.303183547088687,0.060859862892405726,
HoneyBee,mlvc-s,30,low,low_native,ok,468.48,0.016944444444444446,34.777248607680484,0.93975921875,15.088004250321735,15.993396025570789,7.284710189979905,0.06070591824983254,
HoneyBee,mlvc-s,39,low,low_native,ok,619.97,0.022423683449074073,37.03790145762506,0.9643849375000001,15.084944899223345,16.20540828195114,7.335373274917212,0.0611281106243101,
HoneyBee,mlvc-s,48,low,low_native,ok,878.78,0.031784577546296294,38.855496054342936,0.9766144895833334,15.077809753432799,15.858785814392519,7.254780611347023,0.06045650509455853,
HoneyBee,mlvc-s,63,low,low_native,ok,1515.85,0.054826750578703703,40.7443190716993,0.9848327604166666,14.784244745223043,14.884613990917817,6.979355526120682,0.05816129605100569,
Jockey,mlvc-s,0,low,low_native,ok,91.74,0.003318142361111111,24.72990866288702,0.69353259375,14.502401768512431,15.687435438987968,7.087118436526799,0.05905932030438999,
Jockey,mlvc-s,12,low,low_native,ok,171.73,0.006211299189814815,27.347776395611156,0.7655335,15.009821604062784,16.02435607846883,7.283080296059424,0.0606923358004952,
Jockey,mlvc-s,21,low,low_native,ok,287.08,0.010383391203703704,29.380673550996725,0.8104063645833333,15.173546578365281,16.219641588077778,7.361698355343261,0.06134748629452717,
Jockey,mlvc-s,30,low,low_native,ok,485.6,0.017563657407407406,31.326683539879248,0.8469885416666667,15.0955927918167,16.189208547176086,7.329926749821599,0.06108272291517999,
Jockey,mlvc-s,39,low,low_native,ok,801.19,0.02897822627314815,33.111699557002595,0.87770840625,15.118432942148878,16.00742214008383,7.297232304779807,0.06081026920649839,
Jockey,mlvc-s,48,low,low_native,ok,1309.52,0.04736400462962963,34.88197992031643,0.9072338541666666,14.846755926187823,15.714158377460324,7.17347700187511,0.059778975015625915,
Jockey,mlvc-s,63,low,low_native,ok,2957.16,0.10695746527777777,37.51871423884928,0.9486265937499999,15.021289182619615,15.87911697213081,7.256050591607369,0.060467088263394746,
ReadySetGo,mlvc-s,0,low,low_native,ok,106.61,0.0038559751157407405,22.305113734409602,0.5860983125,15.108473953989238,15.812864658787067,7.253504914315025,0.06044587428595854,
ReadySetGo,mlvc-s,12,low,low_native,ok,248.77,0.008997757523148148,24.874118610214587,0.7424969895833334,15.128255272803447,15.722121676812161,7.239105229840753,0.06032587691533961,
ReadySetGo,mlvc-s,21,low,low_native,ok,437.42,0.01582103587962963,26.82926915630294,0.8215074166666666,14.958609396913058,15.851960399158726,7.227535603913629,0.06022946336594691,
ReadySetGo,mlvc-s,30,low,low_native,ok,763.14,0.027601996527777777,28.792547031974614,0.8781530833333333,15.10920974339563,15.755842028285564,7.217174028635814,0.06014311690529845,
ReadySetGo,mlvc-s,39,low,low_native,ok,1268.66,0.0458861400462963,30.662816139179775,0.9187991041666667,15.036170332378523,15.608233556244285,7.1941403156976875,0.059951169297480726,
ReadySetGo,mlvc-s,48,low,low_native,ok,2004.61,0.0725047019675926,32.330741977491115,0.9448744583333334,15.043373661374543,15.585460683162912,7.191102060381587,0.05992585050317989,
ReadySetGo,mlvc-s,63,low,low_native,ok,3783.05,0.13682906539351852,34.04769715357043,0.9644689895833333,15.032043788959442,15.939596704359706,7.262310187485604,0.060519251562380035,
ShakeNDry,mlvc-s,0,low,low_native,ok,61.15,0.0022117332175925924,24.620607338935216,0.4428268229166667,15.14644112959634,16.054929106242508,7.30849309565117,0.06090410913042642,
ShakeNDry,mlvc-s,12,low,low_native,ok,129.12,0.004670138888888889,26.243902891559046,0.5585314375,15.128624239348117,16.021972803203905,7.276723765186624,0.06063936470988853,
ShakeNDry,mlvc-s,21,low,low_native,ok,270.04,0.00976707175925926,28.149096018250205,0.6928323333333334,15.039793486443003,16.060405008772342,7.285074909004322,0.06070895757503602,
ShakeNDry,mlvc-s,30,low,low_native,ok,470.43,0.017014973958333332,29.957808604544947,0.7850828124999999,14.781219026898253,16.158770302933704,7.245160109787168,0.0603763342482264,
ShakeNDry,mlvc-s,39,low,low_native,ok,803.75,0.02907081886574074,31.433974601686984,0.83749259375,15.072720083179178,14.452512189195932,6.9420738673310565,0.05785061556109214,
ShakeNDry,mlvc-s,48,low,low_native,ok,1623.1,0.05870587384259259,32.58866381579225,0.8698756770833334,15.118330725768914,16.15913856034597,7.287197278739861,0.06072664398949885,
ShakeNDry,mlvc-s,63,low,low_native,ok,4412.99,0.15961335358796297,33.978478359297846,0.9073369375000001,15.090767220434296,15.752844400907149,7.232713719659134,0.06027261433049278,
YachtRide,mlvc-s,0,low,low_native,ok,73.76,0.002667824074074074,24.62773778123357,0.6595002604166667,15.167857867214273,15.810851783950335,7.260518706120158,0.06050432255100132,
YachtRide,mlvc-s,12,low,low_native,ok,146.13,0.0052853732638888885,26.710945829772818,0.7314052708333333,15.049042546429812,15.989576493693306,7.2771634464467905,0.06064302872038992,
YachtRide,mlvc-s,21,low,low_native,ok,243.97,0.008824146412037038,28.07966907407529,0.7735688229166667,15.13572175446226,16.173805629197226,7.336427001226841,0.06113689167689034,
YachtRide,mlvc-s,30,low,low_native,ok,462.08,0.016712962962962964,29.5083652001084,0.8114258020833334,14.965658145251712,15.219338676290745,7.0356092320473556,0.058630076933727966,
YachtRide,mlvc-s,39,low,low_native,ok,885.38,0.032023292824074075,30.995661926287493,0.8519106354166667,14.921397488961443,16.135377470852003,7.270905097978219,0.06059087581648516,
YachtRide,mlvc-s,48,low,low_native,ok,1604.25,0.058024088541666664,32.525971033586465,0.8907757187500001,15.053726120499277,15.964353416103457,7.266547808177681,0.06055456506814735,
YachtRide,mlvc-s,63,low,low_native,ok,3522.7,0.12741247106481482,34.3680193178229,0.9344592187499999,14.992317093408294,16.001764992012262,7.259776452468322,0.060498137103902686,
